﻿<?xml version="1.0"?>
<doc>
<assembly>
<name>
xDoofSDK
</name>
</assembly>
<members>
<member name="T:xDoofSDK.My.Resources.Resources">
<summary>
  A strongly-typed resource class, for looking up localized strings, etc.
</summary>
</member>
<member name="P:xDoofSDK.My.Resources.Resources.ResourceManager">
<summary>
  Returns the cached ResourceManager instance used by this class.
</summary>
</member>
<member name="P:xDoofSDK.My.Resources.Resources.Culture">
<summary>
  Overrides the current thread's CurrentUICulture property for all
  resource lookups using this strongly typed resource class.
</summary>
</member>
<member name="T:xDoofSDK.Colors.ColorRandomizer">
 <summary>
 Initialise une nouvelle instance de la classe <see cref="T:xDoofSDK.Colors.ColorRandomizer"/>.
 </summary>
</member>
<member name="M:xDoofSDK.Colors.ColorRandomizer.GetRandomColor">
 <summary>
 Retourne un <see cref="T:System.Drawing.Color"/> aléatoire selon une valeur RGB générer aléatoirement.
 </summary>
</member>
<member name="M:xDoofSDK.Colors.ColorRandomizer.GetRandomRGB">
 <summary>
 Retourne un Integer Array aléatoire.
 </summary><remarks>0 = R | 1 = G | 2 = B</remarks>
</member>
<member name="M:xDoofSDK.Colors.ColorRandomizer.GetRandomRGBValue">
 <summary>
 Retourne un <see cref="T:System.Int32"/> aléatoire entre 0 et 255.
 </summary>
</member>
<member name="T:xDoofSDK.Draw.DrawPosition">
 <summary>
 Initialise une nouvelle structure de <see cref="T:xDoofSDK.Draw.DrawPosition"/> qui défini des points X, Y et Z
 </summary>
</member>
<member name="T:xDoofSDK.Draw.DrawColor">
 <summary>
 Initialise une nouvelle structure de <see cref="T:xDoofSDK.Draw.DrawColor"/>.
 </summary>
</member>
<member name="T:xDoofSDK.Draw.DrawPoint">
 <summary>
 Initialise une nouvelle structure de <see cref="T:xDoofSDK.Draw.DrawPoint"/> qui défini des points X et Y.
 </summary>
</member>
<member name="T:xDoofSDK.Imaging.ImageConverter">
 <summary>
 Initialise une nouvelle instance de la classe <see cref="T:xDoofSDK.Imaging.ImageConverter"/>.
 </summary>
</member>
<member name="M:xDoofSDK.Imaging.ImageConverter.ImageToByteArray(System.Drawing.Image)">
 <summary>
 Convertie une <see cref="T:System.Drawing.Image"/> en Byte Array.
 </summary>
</member>
<member name="M:xDoofSDK.Imaging.ImageConverter.ImageToByteArray(System.Drawing.Image,System.Drawing.Imaging.ImageFormat)">
 <summary>
 Convertie une <see cref="T:System.Drawing.Image"/> en Byte Array.
 </summary>
</member>
<member name="M:xDoofSDK.Imaging.ImageConverter.ByteArrayToImage(System.Byte[])">
 <summary>
 Convertie un Byte Array en <see cref="T:System.Drawing.Image"/> si la conversion est possible.
 </summary>
</member>
<member name="M:xDoofSDK.Imaging.ImageConverter.ImageToString(System.Drawing.Image)">
 <summary>
 Convertie une <see cref="T:System.Drawing.Image"/> en <see cref="T:System.String"/>.
 </summary>
</member>
<member name="M:xDoofSDK.Imaging.ImageConverter.StringToImage(System.String)">
 <summary>
 Convertie <see cref="T:System.String"/> en <see cref="T:System.Drawing.Image"/> si la conversion est possible.
 </summary>
</member>
<member name="M:xDoofSDK.Imaging.ImageConverter.SetWallpaperByImage(System.Drawing.Image,System.Boolean)">
 <summary>
 Créer un nouveau fond d'écran Windows.
 </summary>
</member>
<member name="M:xDoofSDK.Imaging.ImageConverter.SetWallpaperByFile(System.String)">
 <summary>
 Créer un nouveau fond d'écran Windows.
 </summary>
</member>
<member name="T:xDoofSDK.Processus.Processus">
 <summary>
 Initialise une nouvelle instance de la classe <see cref="T:xDoofSDK.Processus.Processus"/>.
 </summary>
</member>
<member name="M:xDoofSDK.Processus.Processus.ProcessusOpen(System.String)">
 <summary>
 Ouvre un processus en cours d'exécution sur l'ordinateur.
 </summary>
</member>
<member name="M:xDoofSDK.Processus.Processus.GetProcessusByName(System.String,System.Boolean)">
 <summary>
 Récupère un <see cref="T:System.Diagnostics.Process"/> selon le nom du processus spécifié.
 </summary><returns>Retourne Nothing si non trouvé</returns>
</member>
<member name="M:xDoofSDK.Processus.Processus.GetProcessusByID(System.Int32,System.String)">
 <summary>
 Récupère un <see cref="T:System.Diagnostics.Process"/> selon l'identificateur du processus.
 </summary>
</member>
<member name="M:xDoofSDK.Processus.Processus.StartProcessus(System.String,System.String)">
 <summary>
 Lance un processus demandé.
 </summary>
</member>
<member name="M:xDoofSDK.Processus.Processus.ProcessusClose(System.String)">
 <summary>
 Arrête un processus demandé.
 </summary>
</member>
<member name="M:xDoofSDK.Processus.Processus.ProcessusCloseQuery(System.String)">
 <summary>
 Arrête un processus spécifié avec le nom et extension avec la méthode execquery.
 </summary>
</member>
<member name="T:xDoofSDK.Processus.ProcessusAction">
 <summary>
 Initialise une nouvelle instance de la classe <see cref="T:xDoofSDK.Processus.ProcessusAction"/>.
 </summary>
</member>
<member name="M:xDoofSDK.Processus.ProcessusAction.KillProcessus">
 <summary>
 Arrête immédiatement le processus si il est en cours d'exécution.
 </summary>
</member>
<member name="M:xDoofSDK.Processus.ProcessusAction.Start">
 <summary>
 Démarre (ou démarre une nouvelle instance) du processus spécifié.
 </summary>
</member>
<member name="M:xDoofSDK.Processus.ProcessusAction.ReleaseResources">
 <summary>
 Libères toutes les ressources associé à ce composant.
 </summary>
</member>
<member name="T:xDoofSDK.Processus.ProcessusInfo">
 <summary>
 Initialise une nouvelle instance de la classe <see cref="T:xDoofSDK.Processus.ProcessusInfo"/>.
 </summary>
</member>
<member name="M:xDoofSDK.Processus.ProcessusInfo.SetProcess(System.String)">
 <summary>
 Spécifie un processus a travaillé dans <see cref="T:xDoofSDK.Processus.ProcessusInfo"/>.
 </summary>
</member>
<member name="P:xDoofSDK.Processus.ProcessusInfo.GetID">
 <summary>
 Récupère l'identifiant unique du processus.
 </summary>
</member>
<member name="P:xDoofSDK.Processus.ProcessusInfo.ProcessusName">
 <summary>
 Récupère le nom du processus.
 </summary>
</member>
<member name="P:xDoofSDK.Processus.ProcessusInfo.GetSessionID">
 <summary>
 Récupère l'identificateur du processus de session Terminal Server du processus associé.
 </summary>
</member>
<member name="P:xDoofSDK.Processus.ProcessusInfo.GetProcess">
 <summary>
 Récupère le <see cref="T:System.Diagnostics.Process"/> spécifié.
 </summary>
</member>
<member name="T:xDoofSDK.Processus.ProcessusMemory">
 <summary>
 Initialise une nouvelle instance de la classe <see cref="T:xDoofSDK.Processus.ProcessusMemory"/>.
 </summary>
</member>
<member name="T:xDoofSDK.Algorithm.UndoRedo">
 <summary>
 Initialise une nouvelle instance de la classe <see cref="T:xDoofSDK.Algorithm.UndoRedo"/>.
 </summary>
 <remarks>Contrôle pris en charge : <see cref="T:System.Windows.Forms.TextBox"/> | <see cref="T:System.Windows.Forms.RichTextBox"/> | <see cref="T:System.Windows.Forms.Label"/>.</remarks>
</member>
<member name="M:xDoofSDK.Algorithm.UndoRedo.AddUndo(System.Windows.Forms.TextBox)">
 <summary>
 Ajoute le texte du <see cref="T:System.Windows.Forms.TextBox"/> à la file de l'algorithme.
 </summary>
</member>
<member name="M:xDoofSDK.Algorithm.UndoRedo.AddUndo(System.Windows.Forms.RichTextBox)">
 <summary>
 Ajoute le texte du <see cref="T:System.Windows.Forms.RichTextBox"/> à la file de l'algorithme.
 </summary>
</member>
<member name="M:xDoofSDK.Algorithm.UndoRedo.AddUndo(System.Windows.Forms.Label)">
 <summary>
 Ajoute le texte du <see cref="T:System.Windows.Forms.Label"/> à la file de l'algorithme.
 </summary>
</member>
<member name="M:xDoofSDK.Algorithm.UndoRedo.Undo(System.Windows.Forms.TextBox)">
 <summary>
 Reviens en arrière si possible et remplace le texte présent du contrôle <see cref="T:System.Windows.Forms.TextBox"/> par le texte saisie par avant.
 </summary>
</member>
<member name="M:xDoofSDK.Algorithm.UndoRedo.Undo(System.Windows.Forms.RichTextBox)">
 <summary>
 Reviens en arrière si possible et remplace le texte présent du contrôle <see cref="T:System.Windows.Forms.RichTextBox"/> par le texte saisie par avant.
 </summary>
</member>
<member name="M:xDoofSDK.Algorithm.UndoRedo.Undo(System.Windows.Forms.Label)">
 <summary>
 Reviens en arrière si possible et remplace le texte présent du contrôle <see cref="T:System.Windows.Forms.Label"/> par le texte saisie par avant.
 </summary>
</member>
<member name="M:xDoofSDK.Algorithm.UndoRedo.Redo(System.Windows.Forms.TextBox)">
 <summary>
 Reviens en avant si possible et remplace le texte présent du contrôle <see cref="T:System.Windows.Forms.TextBox"/> par le texte saisie par avant.
 </summary>
</member>
<member name="M:xDoofSDK.Algorithm.UndoRedo.Redo(System.Windows.Forms.RichTextBox)">
 <summary>
 Reviens en avant si possible et remplace le texte présent du contrôle <see cref="T:System.Windows.Forms.RichTextBox"/> par le texte saisie par avant.
 </summary>
</member>
<member name="M:xDoofSDK.Algorithm.UndoRedo.Redo(System.Windows.Forms.Label)">
 <summary>
 Reviens en avant si possible et remplace le texte présent du contrôle <see cref="T:System.Windows.Forms.Label"/> par le texte saisie par avant.
 </summary>
</member>
<member name="M:xDoofSDK.Algorithm.UndoRedo.ClearUndoRedo">
 <summary>
 Efface la liste du UndoRedo.
 </summary>
</member>
<member name="M:xDoofSDK.Algorithm.UndoRedo.ClearAll">
 <summary>
 Efface la liste du UndoRedo et remet à zéro l'initialisation de la classe.
 </summary>
</member>
<member name="M:xDoofSDK.Algorithm.UndoRedo.GetAllList(System.String)">
 <summary>
 Récupère toute la liste du UndoRedo.
 </summary>
</member>
<member name="M:xDoofSDK.Algorithm.UndoRedo.GetAllListWithPosition(System.String)">
 <summary>
 Récupère toute la liste du UndoRedo avec la position exacte.
 </summary>
</member>
<member name="P:xDoofSDK.Algorithm.UndoRedo.GetCurrentPosition">
 <summary>
 Récupère la position actuelle du UndoRedo.
 </summary>
</member>
<member name="P:xDoofSDK.Algorithm.UndoRedo.GetCurrentUndoRedo">
 <summary>
 Récupère les positions total de la liste du UndoRedo.
 </summary>
</member>
<member name="T:xDoofSDK.Algorithm.WritingOnFile">
 <summary>
 Initialise une nouvelle instance de la classe <see cref="T:xDoofSDK.Algorithm.WritingOnFile"/>.
 </summary>
</member>
<member name="M:xDoofSDK.Algorithm.WritingOnFile.StartWOF">
 <summary>
 Démarre le Read/Write.
 </summary>
</member>
<member name="M:xDoofSDK.Algorithm.WritingOnFile.StopWOF">
 <summary>
 Stop le Read/Write.
 </summary>
</member>
<member name="P:xDoofSDK.Algorithm.WritingOnFile.WOFstatus">
 <summary>
 Retourne le status du WritingOnFile
 </summary>
</member>
<member name="M:xDoofSDK.Algorithm.WritingOnFile.Write(System.String)">
 <summary>
 Écris du texte dans le fichier.
 </summary>
</member>
<member name="M:xDoofSDK.Algorithm.WritingOnFile.WriteNewLine(System.String)">
 <summary>
 Écris une nouvelle ligne avec du texte dans le fichier.
 </summary>
</member>
<member name="M:xDoofSDK.Algorithm.WritingOnFile.Read">
 <summary>
 Lis et retourne tout le contenu du fichier.
 </summary>
</member>
<member name="M:xDoofSDK.Algorithm.WritingOnFile.ReadLine(System.Int32)">
 <summary>
 Lis et retourne le contenu de la ligne spécifié.
 </summary>
</member>
<member name="M:xDoofSDK.Algorithm.WritingOnFile.EraseLine(System.Int32)">
 <summary>
 Supprime la ligne spécifié.
 </summary>
</member>
<member name="M:xDoofSDK.Algorithm.WritingOnFile.EraseAll">
 <summary>
 Supprime l'ensemble du contenu du fichier.
 </summary>
</member>
<member name="M:xDoofSDK.Algorithm.WritingOnFile.ReplaceTo(System.String,System.String)">
 <summary>
 Remplace le texte spécifié par le nouveau texte souhaiter.
 </summary>
</member>
<member name="M:xDoofSDK.Algorithm.WritingOnFile.ReverseLines">
 <summary>
 Inverse toute les lignes du fichier.
 </summary>
</member>
<member name="M:xDoofSDK.Algorithm.WritingOnFile.GetAllLines">
 <summary>
 Récupère et retourne toute les lignes.
 </summary>
</member>
<member name="P:xDoofSDK.DateSystem.DateInfo.HoursPerDay">
 <summary>
 Retourne le nombre d'heure par jour.
 </summary>
</member>
<member name="P:xDoofSDK.DateSystem.DateInfo.MinutesPerHour">
 <summary>
 Retourne le nombre de minutes par heure.
 </summary>
</member>
<member name="P:xDoofSDK.DateSystem.DateInfo.MinutesPerDay">
 <summary>
 Retourne le nombre de minutes par jour.
 </summary>
</member>
<member name="P:xDoofSDK.DateSystem.DateInfo.SecondsPerMinute">
 <summary>
 Retourne le nombre de secondes par minute.
 </summary>
</member>
<member name="P:xDoofSDK.DateSystem.DateInfo.SecondsPerHour">
 <summary>
 Retourne le nombre de secondes par heure.
 </summary>
</member>
<member name="P:xDoofSDK.DateSystem.DateInfo.SecondsPerDay">
 <summary>
 Retourne le nombre de secondes par jour.
 </summary>
</member>
<member name="P:xDoofSDK.DateSystem.DateInfo.MillisecondesPerSecond">
 <summary>
 Retourne le nombre de millisecondes par seconde.
 </summary>
</member>
<member name="P:xDoofSDK.DateSystem.DateInfo.MillisecondesPerMinute">
 <summary>
 Retourne le nombre de millisecondes par minute.
 </summary>
</member>
<member name="P:xDoofSDK.DateSystem.DateInfo.MillisecondesPerHour">
 <summary>
 Retourne le nombre de millisecondes par heure.
 </summary>
</member>
<member name="P:xDoofSDK.DateSystem.DateInfo.MillisecondesPerDay">
 <summary>
 Retourne le nombre de millisecondes par jour.
 </summary>
</member>
<member name="T:xDoofSDK.DateSystem.DateTime">
 <summary>
 Initialise une nouvelle instance de la classe <see cref="T:xDoofSDK.DateSystem.DateTime"/>.
 </summary>
</member>
<member name="M:xDoofSDK.DateSystem.DateTime.GetTimeString(System.String)">
 <summary>
 Retourne la date en format <see cref="T:System.String"/>.
 </summary>
</member>
<member name="M:xDoofSDK.DateSystem.DateTime.GetTimeUtcString(System.String)">
 <summary>
 Retourne la date en format <see cref="T:System.String"/> en temps UTC.
 </summary>
</member>
<member name="M:xDoofSDK.DateSystem.DateTime.GetTime">
 <summary>
 Retourne la date en format <see cref="T:System.DateTime"/>.
 </summary>
</member>
<member name="M:xDoofSDK.DateSystem.DateTime.GetTimeUtc">
 <summary>
 Retourne la date en format <see cref="T:System.DateTime"/> en temps UTC.
 </summary>
</member>
<member name="M:xDoofSDK.DateSystem.DateTime.GetCurrentDay">
 <summary>
 Retourne le jour actuelle en <see cref="T:System.String"/>.
 </summary>
</member>
<member name="M:xDoofSDK.DateSystem.DateTime.GetCurrentMonth">
 <summary>
 Retourne le mois actuelle en <see cref="T:System.String"/>.
 </summary>
</member>
<member name="M:xDoofSDK.DateSystem.DateTime.GetCurrentYear">
 <summary>
 Retourne l'année actuelle en <see cref="T:System.String"/>.
 </summary>
</member>
<member name="M:xDoofSDK.DateSystem.DateTime.CreateAssemblingDate(System.String,xDoofSDK.OrderDateAssembling)">
 <summary>
 Retourne une chaîne d'une date créé selon les paramètres saisie.
 </summary>
</member>
<member name="T:xDoofSDK.Expressions.Strex">
 <summary>
 Initialise une nouvelle instance de la classe <see cref="T:xDoofSDK.Expressions.Strex"/>, il s'agit de la classe d'expression formé en <see cref="T:System.String"/>.
 </summary>
</member>
<member name="P:xDoofSDK.Expressions.Strex.GetPattern">
 <summary>
 Retourne le patterne déjà saisie.
 </summary>
</member>
<member name="P:xDoofSDK.Expressions.Strex.isContainsPattern">
 <summary>
 Vérifie si le patterne saisie contient du contenu.
 </summary>
</member>
<member name="P:xDoofSDK.Expressions.Strex.Pattern">
 <summary>
 Ajoute et remplace le patterne saisie par un nouveau.
 </summary>
</member>
<member name="M:xDoofSDK.Expressions.Strex.SetPattern(System.String)">
 <summary>
 Ajoute et remplace le patterne saisie par un nouveau.
 </summary>
</member>
<member name="P:xDoofSDK.Expressions.Strex.Execute">
 <summary>
 Exécute le <see cref="T:xDoofSDK.Expressions.Strex"/> avec le patterne prédéfini et retourne le résultat.
 </summary>
</member>
<member name="M:xDoofSDK.Expressions.Strex.ExecuteStrex">
 <summary>
 Exécute le <see cref="T:xDoofSDK.Expressions.Strex"/> avec le patterne prédéfini et retourne le résultat.
 </summary>
</member>
<member name="T:xDoofSDK.FileSystem.DirectorySystem">
 <summary>
 Initialise une nouvelle instance de la classe <see cref="T:xDoofSDK.FileSystem.DirectorySystem"/>.
 </summary>
</member>
<member name="M:xDoofSDK.FileSystem.DirectorySystem.CreateDirectory(System.String)">
 <summary>
 Créé un dossier.
 </summary>
</member>
<member name="M:xDoofSDK.FileSystem.DirectorySystem.CreateDirectoryList(System.String[])">
 <summary>
 Créé une liste de dossier(s) spécifié.
 </summary>
</member>
<member name="M:xDoofSDK.FileSystem.DirectorySystem.DeleteDirectory(System.String)">
 <summary>
 Supprime le dossier spécifié.
 </summary>
</member>
<member name="M:xDoofSDK.FileSystem.DirectorySystem.DeleteDirectoryList(System.String[])">
 <summary>
 Supprime une liste de dossier(s) spécifié.
 </summary>
</member>
<member name="M:xDoofSDK.FileSystem.DirectorySystem.DeleteDirectory(System.String,System.Boolean)">
 <summary>
 Supprime le dossier spécifié et tout les sous-répertoires.
 </summary>
</member>
<member name="M:xDoofSDK.FileSystem.DirectorySystem.DeleteDirectoryList(System.String[],System.Boolean[])">
 <summary>
 Supprime une liste de dossier(s) spécifié et tout les sous-répertoires.
 </summary>
</member>
<member name="M:xDoofSDK.FileSystem.DirectorySystem.DirectoryExists(System.String)">
 <summary>
 Vérifie si le dossier spécifié existe.
 </summary><returns>Retourne un <see cref="T:System.Boolean"/>, True si existant, False dans le cas contraire.</returns>
</member>
<member name="M:xDoofSDK.FileSystem.DirectorySystem.DirectoryRename(System.String,System.String)">
 <summary>
 Renomme le dossier spécifié.
 </summary><returns>Retourne un <see cref="T:System.Boolean"/>, True si renommer, False dans le cas contraire.</returns>
</member>
<member name="M:xDoofSDK.FileSystem.DirectorySystem.DirectoryRenameList(System.String[],System.String[])">
 <summary>
 Renomme une liste de dossier(s) spécifié.
 </summary>
</member>
<member name="T:xDoofSDK.FileSystem.DirectorySystemInfo">
 <summary>
 Initialise une nouvelle instance de la classe <see cref="T:xDoofSDK.FileSystem.DirectorySystemInfo"/>.
 </summary>
</member>
<member name="T:xDoofSDK.FileSystem.FileSystem">
 <summary>
 Initialise une nouvelle instance de la classe <see cref="T:xDoofSDK.FileSystem.FileSystem"/>.
 </summary>
</member>
<member name="M:xDoofSDK.FileSystem.FileSystem.ReadFileAllText(System.String)">
 <summary>
 Lit tout le contenu du fichier spécifié.
 </summary>
</member>
<member name="M:xDoofSDK.FileSystem.FileSystem.ReadFileAllLines(System.String)">
 <summary>
 Lit tout les lignes du fichier spécifié.
 </summary>
</member>
<member name="M:xDoofSDK.FileSystem.FileSystem.ReadFileAllBytes(System.String)">
 <summary>
 Lit tout le contenu du fichier dans un tableau d'octets.
 </summary>
</member>
<member name="M:xDoofSDK.FileSystem.FileSystem.WriteFileAllText(System.String,System.String)">
 <summary>
 Créé un fichier et ajoute le contenu dans ce fichier.
 </summary>
</member>
<member name="M:xDoofSDK.FileSystem.FileSystem.WriteFileAllLines(System.String,System.String[])">
 <summary>
 Créé un fichier et ajoute le contenu dans ce fichier.
 </summary>
</member>
<member name="M:xDoofSDK.FileSystem.FileSystem.WriteFileAllBytes(System.String,System.Byte[])">
 <summary>
 Créé un fichier et ajoute le tableau d'octets dans ce fichier.
 </summary>
</member>
<member name="M:xDoofSDK.FileSystem.FileSystem.AddFileLines(System.String,System.String[])">
 <summary>
 Lit et ajoute des lignes dans le fichier spécifié.
 </summary>
</member>
<member name="M:xDoofSDK.FileSystem.FileSystem.AddFileText(System.String,System.String)">
 <summary>
 Lit et ajoute le contenu dans le fichier spécifié.
 </summary>
</member>
<member name="M:xDoofSDK.FileSystem.FileSystem.DeleteFile(System.String)">
 <summary>
 Supprime le fichier spécifié si possible.
 </summary><returns>Retourne un <see cref="T:System.Boolean"/>, True si supprimé, False dans le cas contraire.</returns>
</member>
<member name="M:xDoofSDK.FileSystem.FileSystem.DeleteFileList(System.Collections.Generic.List{System.String})">
 <summary>
 Supprime une liste de fichiers spécifié si possible.
 </summary>
</member>
<member name="M:xDoofSDK.FileSystem.FileSystem.DeleteFileArray(System.String[])">
 <summary>
 Supprime une liste String() de fichiers spécifié si possible.
 </summary>
</member>
<member name="M:xDoofSDK.FileSystem.FileSystem.ExchangeFile(System.String,System.String)">
 <summary>
 Permet d'échanger un fichier d'emplacement contre un autre fichier ainsi que son contenu.
 </summary>
</member>
<member name="M:xDoofSDK.FileSystem.FileSystem.ExchangeFileContents(System.String,System.String)">
 <summary>
 Permet d'échanger le contenu du premier fichier spécifié avec le deuxième fichier spécifié.
 </summary>
</member>
<member name="M:xDoofSDK.FileSystem.FileSystem.FileExists(System.String)">
 <summary>
 Vérifie si le fichier spécifié existe.
 </summary><returns>Retourne un <see cref="T:System.Boolean"/>, True si existant, False dans le cas contraire.</returns>
</member>
<member name="M:xDoofSDK.FileSystem.FileSystem.CopyFile(System.String,System.String)">
 <summary>
 Copie le fichier vers un nouveau chemin.
 </summary>
</member>
<member name="M:xDoofSDK.FileSystem.FileSystem.AssemblingFile(System.String,System.String,System.String,xDoofSDK.FileSystem.FileSystem.FileToDelete)">
 <summary>
 Assemble deux fichiers et créé le fichier assembler dans le chemin d'accès spécifié.
 </summary>
</member>
<member name="M:xDoofSDK.FileSystem.FileSystem.AssemblingFileWithReturn(System.String,System.String,System.String,xDoofSDK.FileSystem.FileSystem.FileToDelete)">
 <summary>
 Lit et ajoute le contenu dans le fichier spécifié et retourne le <see cref="T:System.String"/> des deux fichiers assemblé.
 </summary>
</member>
<member name="M:xDoofSDK.FileSystem.FileSystem.RenameFile(System.String,System.String)">
 <summary>
 Renomme le fichier spécifié par un nouveau nom.
 </summary><returns>Retourne un <see cref="T:System.Boolean"/>, True si renommer, False dans le cas contraire.</returns>
</member>
<member name="M:xDoofSDK.FileSystem.FileSystem.GetAssociedIcon(System.String)">
 <summary>
 Récupère et retourne l'icône associé au fichier.
 </summary><returns>Retourne Nothing en cas d'erreur</returns>
</member>
<member name="M:xDoofSDK.FileSystem.FileSystem.SaveAssociedIcon(System.String,System.String,System.String,System.Boolean)">
 <summary>
 Récupère et sauvegarde l'icône associé au fichier dans un fichier ".ico".
 </summary><returns>Retourne un <see cref="T:System.Boolean"/>, True si sauvegarder, False dans le cas contraire.</returns>
</member>
<member name="T:xDoofSDK.FileSystem.FileSystemInfo">
 <summary>
 Initialise une nouvelle instance de la classe <see cref="T:xDoofSDK.FileSystem.FileSystemInfo"/>.
 </summary>
</member>
<member name="F:xDoofSDK.FileSystem.FileSystemInfo.SeperatorLeft">
 <summary>
 Fournit le séparateur de gauche '\'.
 </summary>
</member>
<member name="F:xDoofSDK.FileSystem.FileSystemInfo.SeperatorRight">
 <summary>
 Fournit le séparateur de droite '/'.
 </summary>
</member>
<member name="F:xDoofSDK.FileSystem.FileSystemInfo.InvalidCharacterFile">
 <summary>
 Fournit la liste des caractères interdit d'un nom de fichier.
 </summary>
</member>
<member name="F:xDoofSDK.FileSystem.FileSystemInfo.InvalidCharacterFileChar">
 <summary>
 Fournit la liste en Char() des caractères interdit d'un nom de fichier.
 </summary>
</member>
<member name="F:xDoofSDK.FileSystem.FileSystemInfo.InvalidCharacterDirectory">
 <summary>
 Fournit la liste des caractères interdit d'un nom de dossier.
 </summary>
</member>
<member name="F:xDoofSDK.FileSystem.FileSystemInfo.InvalidCharacterDirectoryChar">
 <summary>
 Fournit la liste en Char() des caractères interdit d'un nom de dossier.
 </summary>
</member>
<member name="M:xDoofSDK.FileSystem.FileSystemInfo.GetFileName(System.String)">
 <summary>
 Récupère le nom et l'extension du fichier spécifié.
 </summary>
</member>
<member name="M:xDoofSDK.FileSystem.FileSystemInfo.GetFileNameWithoutExtension(System.String)">
 <summary>
 Récupère le nom sans l'extension du fichier spécifié.
 </summary>
</member>
<member name="M:xDoofSDK.FileSystem.FileSystemInfo.GetFileExtension(System.String)">
 <summary>
 Récupère l'extension du fichier spécifié.
 </summary>
</member>
<member name="M:xDoofSDK.FileSystem.FileSystemInfo.GetFilePathDirectoryLocalisation(System.String)">
 <summary>
 Récupère le nom ainsi que le chemin complet d'un fichier spécifié.
 </summary>
</member>
<member name="M:xDoofSDK.FileSystem.FileSystemInfo.GetFilePathDirectoryNameLocalisation(System.String)">
 <summary>
 Récupère seulement le nom du dossier ou le fichier spécifié est entreposer.
 </summary>
</member>
<member name="M:xDoofSDK.FileSystem.FileSystemInfo.IsValidFileName(System.String,System.Boolean)">
 <summary>
 Analyse si le nom du fichier saisie est un nom valide
 </summary><returns>Retourne True si valide, False dans le cas contraire</returns>
</member>
<member name="T:xDoofSDK.MessageBoxSystem.MessageBoxBuilder">
 <summary>
 Initialise une nouvelle instance de la classe <see cref="T:xDoofSDK.MessageBoxSystem.MessageBoxBuilder"/>.
 </summary>
</member>
<member name="M:xDoofSDK.MessageBoxSystem.MessageBoxBuilder.Show">
 <summary>
 Affiche le message construit.
 </summary>
</member>
<member name="M:xDoofSDK.MessageBoxSystem.MessageBoxBuilder.CreateMessage(System.String,System.String,xDoofSDK.IconMessageBox,xDoofSDK.ButtonMessageBox)">
 <summary>
 Spécifie la construction à <see cref="T:xDoofSDK.MessageBoxSystem.MessageBoxBuilder"/> et créé le message.
 </summary>
</member>
<member name="T:xDoofSDK.Screens.ScreenFunction">
 <summary>
 Initialise une nouvelle instance de la classe <see cref="T:xDoofSDK.Screens.ScreenFunction"/>.
 </summary>
</member>
<member name="M:xDoofSDK.Screens.ScreenFunction.GetAllScreens">
 <summary>
 Récupère tout les <see cref="T:System.Windows.Forms.Screen"/> lié a cet ordinateur.
 </summary>
</member>
<member name="M:xDoofSDK.Screens.ScreenFunction.TakeMainScreenshot">
 <summary>
 Créer et retourne une capture d'écran du <see cref="T:System.Windows.Forms.Screen"/> principal.
 </summary>
</member>
<member name="M:xDoofSDK.Screens.ScreenFunction.TakeScreenshot(System.Windows.Forms.Screen)">
 <summary>
 Créer et retourne une capture d'écran du <see cref="T:System.Windows.Forms.Screen"/> spécifié.
 </summary>
</member>
<member name="M:xDoofSDK.Screens.ScreenFunction.GetScreenFromControl(System.Windows.Forms.Control)">
 <summary>
 Retourne l'écran par rapport a la position d'un <see cref="T:System.Windows.Forms.Control"/>.
 </summary>
</member>
<member name="M:xDoofSDK.Screens.ScreenFunction.GetScreenFromHandle(System.IntPtr)">
 <summary>
 Retourne l'écran par rapport a la position d'un handle (<see cref="T:System.IntPtr"/>).
 </summary>
</member>
<member name="M:xDoofSDK.Screens.ScreenFunction.GetScreenFromPoint(System.Drawing.Point)">
 <summary>
 Retourne l'écran par rapport a la position d'un <see cref="T:System.Drawing.Point"/>.
 </summary>
</member>
<member name="M:xDoofSDK.Screens.ScreenFunction.GetScreenFromRectangle(System.Drawing.Rectangle)">
 <summary>
 Retourne l'écran par rapport a la position d'un <see cref="T:System.Drawing.Rectangle"/>.
 </summary>
</member>
<member name="M:xDoofSDK.Screens.ScreenFunction.GetScreenFromCursor(System.Windows.Forms.Cursor)">
 <summary>
 Retourne l'écran par rapport a la position du <see cref="T:System.Windows.Forms.Cursor"/>.
 </summary>
</member>
<member name="M:xDoofSDK.Screens.ScreenFunction.GetBounds(System.Windows.Forms.Screen)">
 <summary>
 Retourne les limites d'affichage du <see cref="T:System.Windows.Forms.Screen"/> spécifié.
 </summary>
</member>
<member name="M:xDoofSDK.Screens.ScreenFunction.GetDeviceName(System.Windows.Forms.Screen)">
 <summary>
 Retourne le nom du périphérique associé du <see cref="T:System.Windows.Forms.Screen"/> spécifié.
 </summary>
</member>
<member name="M:xDoofSDK.Screens.ScreenFunction.GetColorByPixel(System.Windows.Forms.Screen,System.Int32,System.Int32)">
 <summary>
 Retourne la couleur <see cref="T:System.Drawing.Color"/> du pixel <paramref name="x"/> et <paramref name="y"/> spécifié.
 </summary>
</member>
<member name="T:xDoofSDK.Storage.IntStorage">
 <summary>
 Initialise une nouvelle instance de la classe <see cref="T:xDoofSDK.Storage.IntStorage"/>.
 </summary>
</member>
<member name="M:xDoofSDK.Storage.IntStorage.PushItem(System.String,System.Int32)">
 <summary>
 Ajoute un item dans le stockage de <see cref="T:System.Int32"/> ainsi que ca valeur spécifié.
 </summary>
</member>
<member name="M:xDoofSDK.Storage.IntStorage.PushItemList(System.String[],System.Int32[])">
 <summary>
 Ajoute une <see cref="T:System.Collections.Generic.List`1"/> dans le stockage de <see cref="T:System.Int32"/> ainsi que les valeurs spécifiés.
 </summary>
</member>
<member name="M:xDoofSDK.Storage.IntStorage.ReverseItems">
 <summary>
 Inverse l'ordre des éléments des item(s) du stockage.
 </summary>
</member>
<member name="M:xDoofSDK.Storage.IntStorage.ReverseValues">
 <summary>
 Inverse l'ordre des éléments des valeur(s) du stockage.
 </summary>
</member>
<member name="M:xDoofSDK.Storage.IntStorage.ReverseItemsWithValues">
 <summary>
 Inverse l'ordre des éléments des item(s) et des valeur(s) du stockage.
 </summary>
</member>
<member name="M:xDoofSDK.Storage.IntStorage.SaveToFileStorage(System.String,System.Boolean)">
 <summary>
 Sauvegarde le stockage dans un fichier de stockage de xDoofSystem.
 </summary><returns>Retourne un <see cref="T:System.Boolean"/>, True si sauvegarder, False dans le cas contraire.</returns>
 <remarks>REMARQUE: Le fichier est adapté pour le format de stockage pour le système xDoofSystem.</remarks>
</member>
<member name="M:xDoofSDK.Storage.IntStorage.ReadFileStorage(System.String)">
 <summary>
 Lis un fichier de stockage de xDoofSystem.
 </summary><returns>Retourne un <see cref="T:System.Boolean"/>, True si lu et correctement ajouter, False dans le cas contraire.</returns>
 <remarks>REMARQUE: Le fichier lui doit être adapté du format de stockage pour le système xDoofSystem.</remarks>
</member>
<member name="M:xDoofSDK.Storage.IntStorage.ReplaceItem(System.String,System.String)">
 <summary>
 Remplace l'item spécifié par le nouvelle item spécifié.
 </summary><returns>Retourne un <see cref="T:System.Boolean"/>, True si remplacer, False dans le cas contraire.</returns>
</member>
<member name="M:xDoofSDK.Storage.IntStorage.ReplaceItemList(System.String[],System.String[])">
 <summary>
 Remplace la liste d'item(s) spécifié par les nouveaux item(s) spécifié.
 </summary><returns>Retourne un <see cref="T:System.Boolean"/>, True si remplacer, False dans le cas contraire.</returns>
</member>
<member name="M:xDoofSDK.Storage.IntStorage.ReplaceItemValue(System.String,System.Int32)">
 <summary>
 Remplace la valeur de l'item spécifié par une nouvelle valeur.
 </summary><returns>Retourne un <see cref="T:System.Boolean"/>, True si remplacer, False dans le cas contraire.</returns>
</member>
<member name="M:xDoofSDK.Storage.IntStorage.ReplaceItemValueList(System.String[],System.Int32[])">
 <summary>
 Remplace la liste de valeur(s) des item(s) spécifié par les nouvelles valeur(s).
 </summary><returns>Retourne un <see cref="T:System.Boolean"/>, True si remplacer, False dans le cas contraire.</returns>
</member>
<member name="M:xDoofSDK.Storage.IntStorage.ReplaceItemWithValue(System.String,System.String,System.Int32)">
 <summary>
 Remplace l'item spécifié par une nouvelle item ainsi que ca valeur par une nouvelle valeur spécifié.
 </summary><returns>Retourne un <see cref="T:System.Boolean"/>, True si remplacer, False dans le cas contraire.</returns>
</member>
<member name="M:xDoofSDK.Storage.IntStorage.ReplaceItemWithValueList(System.String[],System.String[],System.Int32[])">
 <summary>
 Remplace les item(s) spécifié par les nouvelles item(s) ainsi que ces valeur(s) par les nouvelles valeur(s) spécifié.
 </summary><returns>Retourne un <see cref="T:System.Boolean"/>, True si remplacer, False dans le cas contraire.</returns>
</member>
<member name="M:xDoofSDK.Storage.IntStorage.DeleteItem(System.String)">
 <summary>
 Supprime un item dans le stockage de <see cref="T:System.Int32"/> ainsi que ca valeur.
 </summary><returns>Retourne un <see cref="T:System.Boolean"/>, True si trouvé et supprimé, False dans le cas contraire.</returns>
</member>
<member name="M:xDoofSDK.Storage.IntStorage.DeleteAll">
 <summary>
 Supprime tout les items dans le stockage de <see cref="T:System.Int32"/> ainsi que toutes ces valeurs associés.
 </summary>
</member>
<member name="M:xDoofSDK.Storage.IntStorage.FindItem(System.String)">
 <summary>
 Recherche un item dans le stockage de <see cref="T:System.Int32"/>.
 </summary><returns>Retourne un <see cref="T:System.Boolean"/>, True si trouvé, False dans le cas contraire.</returns>
</member>
<member name="M:xDoofSDK.Storage.IntStorage.FindItemWithReturnValue(System.String)">
 <summary>
 Recherche un item dans le stockage de <see cref="T:System.Int32"/> et retourne ça valeur associé.
 </summary><returns>Retourne la valeur <see cref="T:System.Int32"/> associé si trouvé.</returns>
</member>
<member name="M:xDoofSDK.Storage.IntStorage.FindItemWithReturnIndex(System.String)">
 <summary>
 Recherche un item dans le stockage de <see cref="T:System.Int32"/> et retourne l'index.
 </summary><returns>Retourne l'index <see cref="T:System.Int32"/> associé si trouvé, retourne -1 dans le cas contraire.</returns>
</member>
<member name="M:xDoofSDK.Storage.IntStorage.FindItemWithReturnValueList(System.String)">
 <summary>
 Recherche un item dans le stockage de <see cref="T:System.Int32"/> et retourne ca valeur associé.
 </summary><returns>Retourne une <see cref="T:System.Collections.Generic.List`1"/> des valeurs <see cref="T:System.Int32"/> associé trouvés.</returns>
</member>
<member name="M:xDoofSDK.Storage.IntStorage.CountItems">
 <summary>
 Compte le nombre total d'éléments dans le stockage de <see cref="T:System.Int32"/>.
 </summary><returns>Retourne le nombre total d'éléments en <see cref="T:System.Int32"/>.</returns>
</member>
<member name="M:xDoofSDK.Storage.IntStorage.GetStorage">
 <summary>
 Retourne le stockage de <see cref="T:System.Int32"/>.
 </summary><returns>Retourne une <see cref="T:System.Collections.Generic.List`1"/> du stockage.</returns>
</member>
<member name="M:xDoofSDK.Storage.IntStorage.GetStorageValue">
 <summary>
 Retourne les valeurs du stockage de <see cref="T:System.Int32"/>.
 </summary><returns>Retourne une <see cref="T:System.Collections.Generic.List`1"/> des valeurs du stockage.</returns>
</member>
<member name="M:xDoofSDK.Storage.IntStorage.SetStorage(System.String[])">
 <summary>
 Supprime et remplace le stockage par une liste d'item(s) spécifié.
 </summary>
</member>
<member name="M:xDoofSDK.Storage.IntStorage.SetStorageValue(System.Int32[])">
 <summary>
 Supprime et remplace les valeurs du stockage par une liste de valeur(s) spécifié.
 </summary>
</member>
<member name="M:xDoofSDK.Storage.IntStorage.SetStorageWithValue(System.String[],System.Int32[])">
 <summary>
 Supprime et remplace le stockage par une liste de valeur(s) spécifié.
 </summary>
</member>
<member name="T:xDoofSDK.Storage.StringArrayStorage">
 <summary>
 Initialise une nouvelle instance de la classe <see cref="T:xDoofSDK.Storage.StringArrayStorage"/>.
 </summary>
</member>
<member name="M:xDoofSDK.Storage.StringArrayStorage.PushItem(System.String,System.String[])">
 <summary>
 Ajoute un item dans le stockage de <see cref="T:System.String"/> ainsi que ca valeur spécifié.
 </summary>
</member>
<member name="M:xDoofSDK.Storage.StringArrayStorage.PushItemList(System.String[],System.String[])">
 <summary>
 Ajoute une <see cref="T:System.Collections.Generic.List`1"/> dans le stockage de <see cref="T:System.String"/> ainsi que les valeurs spécifiés.
 </summary>
</member>
<member name="M:xDoofSDK.Storage.StringArrayStorage.ReverseItems">
 <summary>
 Inverse l'ordre des éléments des item(s) du stockage.
 </summary>
</member>
<member name="M:xDoofSDK.Storage.StringArrayStorage.ReverseValues">
 <summary>
 Inverse l'ordre des éléments des valeur(s) du stockage.
 </summary>
</member>
<member name="M:xDoofSDK.Storage.StringArrayStorage.ReverseItemsWithValues">
 <summary>
 Inverse l'ordre des éléments des item(s) et des valeur(s) du stockage.
 </summary>
</member>
<member name="M:xDoofSDK.Storage.StringArrayStorage.SaveToFileStorage(System.String,System.Boolean)">
 <summary>
 Sauvegarde le stockage dans un fichier de stockage de xDoofSystem.
 </summary><returns>Retourne un <see cref="T:System.Boolean"/>, True si sauvegarder, False dans le cas contraire.</returns>
 <remarks>REMARQUE: Le fichier est adapté pour le format de stockage pour le système xDoofSystem.</remarks>
</member>
<member name="M:xDoofSDK.Storage.StringArrayStorage.ReadFileStorage(System.String)">
 <summary>
 Lis un fichier de stockage de xDoofSystem.
 </summary><returns>Retourne un <see cref="T:System.Boolean"/>, True si lu et correctement ajouter, False dans le cas contraire.</returns>
 <remarks>REMARQUE: Le fichier lui doit être adapté du format de stockage pour le système xDoofSystem.</remarks>
</member>
<member name="M:xDoofSDK.Storage.StringArrayStorage.ReplaceItem(System.String,System.String[])">
 <summary>
 Remplace l'item spécifié par le nouvelle item spécifié.
 </summary><returns>Retourne un <see cref="T:System.Boolean"/>, True si remplacer, False dans le cas contraire.</returns>
</member>
<member name="M:xDoofSDK.Storage.StringArrayStorage.ReplaceItemList(System.String[],System.String[])">
 <summary>
 Remplace la liste d'item(s) spécifié par les nouveaux item(s) spécifié.
 </summary><returns>Retourne un <see cref="T:System.Boolean"/>, True si remplacer, False dans le cas contraire.</returns>
</member>
<member name="M:xDoofSDK.Storage.StringArrayStorage.ReplaceItemValue(System.String,System.String[])">
 <summary>
 Remplace la valeur de l'item spécifié par une nouvelle valeur.
 </summary><returns>Retourne un <see cref="T:System.Boolean"/>, True si remplacer, False dans le cas contraire.</returns>
</member>
<member name="M:xDoofSDK.Storage.StringArrayStorage.ReplaceItemValueList(System.String[],System.String[])">
 <summary>
 Remplace la liste de valeur(s) des item(s) spécifié par les nouvelles valeur(s).
 </summary><returns>Retourne un <see cref="T:System.Boolean"/>, True si remplacer, False dans le cas contraire.</returns>
</member>
<member name="M:xDoofSDK.Storage.StringArrayStorage.ReplaceItemWithValue(System.String,System.String,System.String[])">
 <summary>
 Remplace l'item spécifié par une nouvelle item ainsi que ca valeur par une nouvelle valeur spécifié.
 </summary><returns>Retourne un <see cref="T:System.Boolean"/>, True si remplacer, False dans le cas contraire.</returns>
</member>
<member name="M:xDoofSDK.Storage.StringArrayStorage.ReplaceItemWithValueList(System.String[],System.String[],System.String[])">
 <summary>
 Remplace les item(s) spécifié par les nouvelles item(s) ainsi que ces valeur(s) par les nouvelles valeur(s) spécifié.
 </summary><returns>Retourne un <see cref="T:System.Boolean"/>, True si remplacer, False dans le cas contraire.</returns>
</member>
<member name="M:xDoofSDK.Storage.StringArrayStorage.DeleteItem(System.String)">
 <summary>
 Supprime un item dans le stockage de <see cref="T:System.String"/> ainsi que ca valeur.
 </summary><returns>Retourne un <see cref="T:System.Boolean"/>, True si trouvé et supprimé, False dans le cas contraire.</returns>
</member>
<member name="M:xDoofSDK.Storage.StringArrayStorage.DeleteAll">
 <summary>
 Supprime tout les items dans le stockage de <see cref="T:System.String"/> ainsi que toutes ces valeurs associés.
 </summary>
</member>
<member name="M:xDoofSDK.Storage.StringArrayStorage.FindItem(System.String)">
 <summary>
 Recherche un item dans le stockage de <see cref="T:System.String"/>.
 </summary><returns>Retourne un <see cref="T:System.Boolean"/>, True si trouvé, False dans le cas contraire.</returns>
</member>
<member name="M:xDoofSDK.Storage.StringArrayStorage.FindItemWithReturnValue(System.String)">
 <summary>
 Recherche un item dans le stockage de <see cref="T:System.String"/> et retourne ça valeur associé.
 </summary><returns>Retourne la valeur <see cref="T:System.String"/> associé si trouvé.</returns>
</member>
<member name="M:xDoofSDK.Storage.StringArrayStorage.FindItemWithReturnIndex(System.String)">
 <summary>
 Recherche un item dans le stockage de <see cref="T:System.Int32"/> et retourne l'index.
 </summary><returns>Retourne l'index <see cref="T:System.Int32"/> associé si trouvé, retourne -1 dans le cas contraire.</returns>
</member>
<member name="M:xDoofSDK.Storage.StringArrayStorage.FindItemWithReturnValueList(System.String)">
 <summary>
 Recherche un item dans le stockage de <see cref="T:System.Int32"/> et retourne ca valeur associé.
 </summary><returns>Retourne une <see cref="T:System.Collections.Generic.List`1"/> des valeurs <see cref="T:System.Int32"/> associé trouvés.</returns>
</member>
<member name="M:xDoofSDK.Storage.StringArrayStorage.CountItems">
 <summary>
 Compte le nombre total d'éléments dans le stockage de <see cref="T:System.String"/>.
 </summary><returns>Retourne le nombre total d'éléments en <see cref="T:System.String"/>.</returns>
</member>
<member name="M:xDoofSDK.Storage.StringArrayStorage.GetStorage">
 <summary>
 Retourne le stockage de <see cref="T:System.String"/>.
 </summary><returns>Retourne une <see cref="T:System.Collections.Generic.List`1"/> du stockage.</returns>
</member>
<member name="M:xDoofSDK.Storage.StringArrayStorage.GetStorageValue">
 <summary>
 Retourne les valeurs du stockage de <see cref="T:System.String"/>.
 </summary><returns>Retourne une <see cref="T:System.Collections.Generic.List`1"/> des valeurs du stockage.</returns>
</member>
<member name="M:xDoofSDK.Storage.StringArrayStorage.SetStorage(System.String[])">
 <summary>
 Supprime et remplace le stockage par une liste d'item(s) spécifié.
 </summary>
</member>
<member name="M:xDoofSDK.Storage.StringArrayStorage.SetStorageValue(System.String[])">
 <summary>
 Supprime et remplace les valeurs du stockage par une liste de valeur(s) spécifié.
 </summary>
</member>
<member name="M:xDoofSDK.Storage.StringArrayStorage.SetStorageWithValue(System.String[],System.String[])">
 <summary>
 Supprime et remplace le stockage par une liste de valeur(s) spécifié.
 </summary>
</member>
<member name="T:xDoofSDK.Storage.StringStorage">
 <summary>
 Initialise une nouvelle instance de la classe <see cref="T:xDoofSDK.Storage.StringStorage"/>.
 </summary>
</member>
<member name="M:xDoofSDK.Storage.StringStorage.PushItem(System.String,System.String)">
 <summary>
 Ajoute un item dans le stockage de <see cref="T:System.String"/> ainsi que ca valeur spécifié.
 </summary>
</member>
<member name="M:xDoofSDK.Storage.StringStorage.PushItemList(System.String[],System.String[])">
 <summary>
 Ajoute une <see cref="T:System.Collections.Generic.List`1"/> dans le stockage de <see cref="T:System.String"/> ainsi que les valeurs spécifiés.
 </summary>
</member>
<member name="M:xDoofSDK.Storage.StringStorage.ReverseItems">
 <summary>
 Inverse l'ordre des éléments des item(s) du stockage.
 </summary>
</member>
<member name="M:xDoofSDK.Storage.StringStorage.ReverseValues">
 <summary>
 Inverse l'ordre des éléments des valeur(s) du stockage.
 </summary>
</member>
<member name="M:xDoofSDK.Storage.StringStorage.ReverseItemsWithValues">
 <summary>
 Inverse l'ordre des éléments des item(s) et des valeur(s) du stockage.
 </summary>
</member>
<member name="M:xDoofSDK.Storage.StringStorage.SaveToFileStorage(System.String,System.Boolean)">
 <summary>
 Sauvegarde le stockage dans un fichier de stockage de xDoofSystem.
 </summary><returns>Retourne un <see cref="T:System.Boolean"/>, True si sauvegarder, False dans le cas contraire.</returns>
 <remarks>REMARQUE: Le fichier est adapté pour le format de stockage pour le système xDoofSystem.</remarks>
</member>
<member name="M:xDoofSDK.Storage.StringStorage.ReadFileStorage(System.String)">
 <summary>
 Lis un fichier de stockage de xDoofSystem.
 </summary><returns>Retourne un <see cref="T:System.Boolean"/>, True si lu et correctement ajouter, False dans le cas contraire.</returns>
 <remarks>REMARQUE: Le fichier lui doit être adapté du format de stockage pour le système xDoofSystem.</remarks>
</member>
<member name="M:xDoofSDK.Storage.StringStorage.ReplaceItem(System.String,System.String)">
 <summary>
 Remplace l'item spécifié par le nouvelle item spécifié.
 </summary><returns>Retourne un <see cref="T:System.Boolean"/>, True si remplacer, False dans le cas contraire.</returns>
</member>
<member name="M:xDoofSDK.Storage.StringStorage.ReplaceItemList(System.String[],System.String[])">
 <summary>
 Remplace la liste d'item(s) spécifié par les nouveaux item(s) spécifié.
 </summary><returns>Retourne un <see cref="T:System.Boolean"/>, True si remplacer, False dans le cas contraire.</returns>
</member>
<member name="M:xDoofSDK.Storage.StringStorage.ReplaceItemValue(System.String,System.String)">
 <summary>
 Remplace la valeur de l'item spécifié par une nouvelle valeur.
 </summary><returns>Retourne un <see cref="T:System.Boolean"/>, True si remplacer, False dans le cas contraire.</returns>
</member>
<member name="M:xDoofSDK.Storage.StringStorage.ReplaceItemValueList(System.String[],System.String[])">
 <summary>
 Remplace la liste de valeur(s) des item(s) spécifié par les nouvelles valeur(s).
 </summary><returns>Retourne un <see cref="T:System.Boolean"/>, True si remplacer, False dans le cas contraire.</returns>
</member>
<member name="M:xDoofSDK.Storage.StringStorage.ReplaceItemWithValue(System.String,System.String,System.String)">
 <summary>
 Remplace l'item spécifié par une nouvelle item ainsi que ca valeur par une nouvelle valeur spécifié.
 </summary><returns>Retourne un <see cref="T:System.Boolean"/>, True si remplacer, False dans le cas contraire.</returns>
</member>
<member name="M:xDoofSDK.Storage.StringStorage.ReplaceItemWithValueList(System.String[],System.String[],System.String[])">
 <summary>
 Remplace les item(s) spécifié par les nouvelles item(s) ainsi que ces valeur(s) par les nouvelles valeur(s) spécifié.
 </summary><returns>Retourne un <see cref="T:System.Boolean"/>, True si remplacer, False dans le cas contraire.</returns>
</member>
<member name="M:xDoofSDK.Storage.StringStorage.DeleteItem(System.String)">
 <summary>
 Supprime un item dans le stockage de <see cref="T:System.String"/> ainsi que ca valeur.
 </summary><returns>Retourne un <see cref="T:System.Boolean"/>, True si trouvé et supprimé, False dans le cas contraire.</returns>
</member>
<member name="M:xDoofSDK.Storage.StringStorage.DeleteAll">
 <summary>
 Supprime tout les items dans le stockage de <see cref="T:System.String"/> ainsi que toutes ces valeurs associés.
 </summary>
</member>
<member name="M:xDoofSDK.Storage.StringStorage.FindItem(System.String)">
 <summary>
 Recherche un item dans le stockage de <see cref="T:System.String"/>.
 </summary><returns>Retourne un <see cref="T:System.Boolean"/>, True si trouvé, False dans le cas contraire.</returns>
</member>
<member name="M:xDoofSDK.Storage.StringStorage.FindItemWithReturnValue(System.String)">
 <summary>
 Recherche un item dans le stockage de <see cref="T:System.String"/> et retourne ça valeur associé.
 </summary><returns>Retourne la valeur <see cref="T:System.String"/> associé si trouvé.</returns>
</member>
<member name="M:xDoofSDK.Storage.StringStorage.FindItemWithReturnIndex(System.String)">
 <summary>
 Recherche un item dans le stockage de <see cref="T:System.String"/> et retourne l'index.
 </summary><returns>Retourne l'index <see cref="T:System.Int32"/> associé si trouvé, retourne -1 dans le cas contraire.</returns>
</member>
<member name="M:xDoofSDK.Storage.StringStorage.FindItemWithReturnValueList(System.String)">
 <summary>
 Recherche un item dans le stockage de <see cref="T:System.String"/> et retourne ça valeur associé.
 </summary><returns>Retourne une <see cref="T:System.Collections.Generic.List`1"/> des valeurs <see cref="T:System.String"/> associé trouvés.</returns>
</member>
<member name="M:xDoofSDK.Storage.StringStorage.CountItems">
 <summary>
 Compte le nombre total d'éléments dans le stockage de <see cref="T:System.String"/>.
 </summary><returns>Retourne le nombre total d'éléments en <see cref="T:System.Int32"/>.</returns>
</member>
<member name="M:xDoofSDK.Storage.StringStorage.GetStorage">
 <summary>
 Retourne le stockage de <see cref="T:System.String"/>.
 </summary><returns>Retourne une <see cref="T:System.Collections.Generic.List`1"/> du stockage.</returns>
</member>
<member name="M:xDoofSDK.Storage.StringStorage.GetStorageValue">
 <summary>
 Retourne les valeurs du stockage de <see cref="T:System.String"/>.
 </summary><returns>Retourne une <see cref="T:System.Collections.Generic.List`1"/> des valeurs du stockage.</returns>
</member>
<member name="M:xDoofSDK.Storage.StringStorage.SetStorage(System.String[])">
 <summary>
 Supprime et remplace le stockage par une liste d'item(s) spécifié.
 </summary>
</member>
<member name="M:xDoofSDK.Storage.StringStorage.SetStorageValue(System.String[])">
 <summary>
 Supprime et remplace les valeurs du stockage par une liste de valeur(s) spécifié.
 </summary>
</member>
<member name="M:xDoofSDK.Storage.StringStorage.SetStorageWithValue(System.String[],System.String[])">
 <summary>
 Supprime et remplace le stockage par une liste de valeur(s) spécifié.
 </summary>
</member>
<member name="T:xDoofSDK.SystemC.KeyboardController">
 <summary>
 Initialise une nouvelle instance de la classe <see cref="T:xDoofSDK.SystemC.KeyboardController"/>.
 </summary>
</member>
<member name="M:xDoofSDK.SystemC.KeyboardController.SetKeyDown(System.Windows.Forms.Keys)">
 <summary>
 Simule un appuie de touche sans relâcher l'appuie.
 </summary>
</member>
<member name="M:xDoofSDK.SystemC.KeyboardController.SetKeyUp(System.Windows.Forms.Keys)">
 <summary>
 Simule un relâchement de touche.
 </summary>
</member>
<member name="M:xDoofSDK.SystemC.KeyboardController.SetKeyDownUp(System.Windows.Forms.Keys,System.Int32)">
 <summary>
 Simule un appuie de touche avec un relâchement.
 </summary><remarks>Un délai peut être spécifié entre l'appuie et la relâche.</remarks>
</member>
<member name="M:xDoofSDK.SystemC.KeyboardController.SetKeyDownUpList(System.Collections.Generic.List{System.Windows.Forms.Keys},System.Int32)">
 <summary>
 Simule un appuie de touche avec un relâchement sur une liste de <see cref="T:System.Windows.Forms.Keys"/> spécifié.
 </summary><remarks>Un délai peut être spécifié entre l'appuie et la relâche.</remarks>
</member>
<member name="M:xDoofSDK.SystemC.KeyboardController.SetKeyboardEventCustom(System.Byte,System.Byte,System.Int32,System.Int32,System.Int16,System.Int32)">
 <summary>
 Utilisation avancé pour créer son propre événement.
 </summary><remarks>Lib appelé user32 | Alias: keybd_event | Un délai peut être spécifié avant ou après l'exécution | exAB = 0 avant, exAB = 1 après.</remarks>
</member>
<member name="T:xDoofSDK.SystemC.MouseController">
 <summary>
 Initialise une nouvelle instance de la classe <see cref="T:xDoofSDK.SystemC.MouseController"/>.
 </summary>
</member>
<member name="M:xDoofSDK.SystemC.MouseController.SetPosition(xDoofSDK.SystemC.MouseController.MousePos)">
 <summary>
 Modifie la position du curseur.
 </summary>
</member>
<member name="M:xDoofSDK.SystemC.MouseController.SetPosition(System.Int32,System.Int32)">
 <summary>
 Modifie la position du curseur.
 </summary>
</member>
<member name="M:xDoofSDK.SystemC.MouseController.SetPositionList(System.Collections.Generic.List{xDoofSDK.SystemC.MouseController.MousePos})">
 <summary>
 Modifie la position du curseur suivi d'une liste <see cref="T:System.Collections.Generic.List`1"/>.
 </summary>
</member>
<member name="M:xDoofSDK.SystemC.MouseController.SetPositionList(System.Collections.Generic.List{System.Int32},System.Collections.Generic.List{System.Int32})">
 <summary>
 Modifie la position du curseur suivi d'une <see cref="T:System.Collections.Generic.List`1"/> de position X et d'une <see cref="T:System.Collections.Generic.List`1"/> de position Y.
 </summary>
</member>
<member name="M:xDoofSDK.SystemC.MouseController.GetPosition">
 <summary>
 Récupère la position du curseur et le retourne en <see cref="T:xDoofSDK.SystemC.MouseController.MousePos"/>.
 </summary>
 <remarks>Vous pouvez convertir un <see cref="T:xDoofSDK.SystemC.MouseController.MousePos"/> en d'autres types.</remarks>
</member>
<member name="M:xDoofSDK.SystemC.MouseController.SetLeftClick(xDoofSDK.SystemC.MouseController.ModeClick)">
 <summary>
 Simule un clique gauche.
 </summary>
</member>
<member name="M:xDoofSDK.SystemC.MouseController.SetMiddleClick(xDoofSDK.SystemC.MouseController.ModeClick)">
 <summary>
 Simule un clique du milieu.
 </summary>
</member>
<member name="M:xDoofSDK.SystemC.MouseController.SetRightClick(xDoofSDK.SystemC.MouseController.ModeClick)">
 <summary>
 Simule un clique droit.
 </summary>
</member>
<member name="M:xDoofSDK.SystemC.MouseController.SetWheel(xDoofSDK.SystemC.MouseController.ModeClick)">
 <summary>
 Simule une roulette.
 </summary>
</member>
<member name="M:xDoofSDK.SystemC.MouseController.MouseEventCustom(System.Int32,System.Int32,System.Int32,System.Int32,System.Int32)">
 <summary>
 Utilisation avancé pour créer son propre événement.
 </summary><remarks>Lib appelé: user32</remarks>
</member>
<member name="T:xDoofSDK.SystemC.MouseController.MousePos">
 <summary>
 Structure qui stocke les deux points X et Y, conversion en d'autres types possible.
 </summary>
</member>
<member name="F:xDoofSDK.SystemC.MouseController.MousePos.X">
 <summary>
 Point X.
 </summary>
</member>
<member name="F:xDoofSDK.SystemC.MouseController.MousePos.Y">
 <summary>
 Point Y.
 </summary>
</member>
<member name="M:xDoofSDK.SystemC.MouseController.MousePos.ToPoint">
 <summary>
 Convertie <see cref="T:xDoofSDK.SystemC.MouseController.MousePos"/> en <see cref="T:System.Drawing.Point"/>.
 </summary>
</member>
<member name="M:xDoofSDK.SystemC.MouseController.MousePos.ToSize">
 <summary>
 Convertie <see cref="T:xDoofSDK.SystemC.MouseController.MousePos"/> en <see cref="T:System.Drawing.Size"/>.
 </summary>
</member>
<member name="M:xDoofSDK.SystemC.MouseController.MousePos.ToString">
 <summary>
 Convertie <see cref="T:xDoofSDK.SystemC.MouseController.MousePos"/> en <see cref="T:System.String"/>.
 </summary>
</member>
<member name="T:xDoofSDK.SystemC.NetworkController">
 <summary>
 Initialise une nouvelle instance de la classe <see cref="T:xDoofSDK.SystemC.NetworkController"/>.
 </summary>
 <remarks>Utiliser les fonctions avec parcimonie.</remarks>
</member>
<member name="M:xDoofSDK.SystemC.NetworkController.EnableAdapter(System.Boolean)">
 <summary>
 Active l'adaptateur.
 </summary>
 <remarks>Un accès du programme en administrateur est requis pour utiliser cette fonction.</remarks>
</member>
<member name="M:xDoofSDK.SystemC.NetworkController.DisableAdapter(System.Boolean)">
 <summary>
 Désactive l'adaptateur.
 </summary>
 ''' <remarks>Un accès du programme en administrateur est requis pour utiliser cette fonction.</remarks>
</member>
<member name="M:xDoofSDK.SystemC.NetworkController.HasConnectivity">
 <summary>
 Vérifie si une connectivité est disponible
 </summary>
</member>
<member name="T:xDoofSDK.SystemC.VolumeController">
 <summary>
 Initialise une nouvelle instance de la classe <see cref="T:xDoofSDK.SystemC.VolumeController"/>.
 </summary><remarks>Pour initialiser la classe, utiliser la fonction <see cref="M:xDoofSDK.SystemC.VolumeController.InitController(System.IntPtr)"/></remarks>
</member>
<member name="M:xDoofSDK.SystemC.VolumeController.InitController(System.IntPtr)">
 <summary>
 Initialise le Controller pour le volume système.
 </summary>
 <remarks>Par défaut: 'Me.Handle'</remarks>
</member>
<member name="M:xDoofSDK.SystemC.VolumeController.UpVolume">
 <summary>        ''' Augmente le volume du système.
 </summary>
</member>
<member name="M:xDoofSDK.SystemC.VolumeController.DownVolume">
 <summary>
 Diminue le volume du système.
 </summary>
</member>
<member name="M:xDoofSDK.SystemC.VolumeController.MuteVolume">
 <summary>
 Coupe le volume du système.
 </summary>
</member>
<member name="T:xDoofSDK.Tools.Timer">
 <summary>
 Initialise une nouvelle instance de la classe <see cref="T:xDoofSDK.Tools.Timer"/>.
 </summary>
</member>
<member name="M:xDoofSDK.Tools.Timer.StartTimer">
 <summary>
 Lance le chronomètre.
 </summary>
</member>
<member name="M:xDoofSDK.Tools.Timer.StopTimer">
 <summary>
 Stop le chronomètre.
 </summary>
</member>
<member name="M:xDoofSDK.Tools.Timer.RestartTimer">
 <summary>
 Redémarre le chronomètre.
 </summary>
</member>
<member name="P:xDoofSDK.Tools.Timer.GetResult">
 <summary>
 Retourne le temps écoulé en millisecondes.
 </summary>
</member>
<member name="T:xDoofSDK.stringBuilder">
 <summary>
 Initialise une nouvelle instance de la classe <see cref="T:xDoofSDK.stringBuilder"/>.
 </summary>
</member>
<member name="M:xDoofSDK.stringBuilder.Append(System.String,System.Int32)">
 <summary>
 Ajoute du String au String à construire.
 </summary>
</member>
<member name="M:xDoofSDK.stringBuilder.GetBuildString">
 <summary>
 Récupère le String construit selon les propriétés données.
 </summary>
</member>
<member name="M:xDoofSDK.stringBuilder.GetTotalLength">
 <summary>
 Récupère le nombre total d'élément du String construit.
 </summary>
</member>
<member name="M:xDoofSDK.stringBuilder.SetMaxCapacity(System.Int32)">
 <summary>
 Assigne la capacité maximum de length à retourné.
 </summary>
</member>
<member name="T:xDoofSDK.Win32.User32Function">
 <summary>
 Initialise une nouvelle instance de la classe <see cref="T:xDoofSDK.Win32.User32Function"/>.
 </summary><remarks>Les descriptions pour chaque fonction n'est pas fourni</remarks>
</member>
<member name="T:xDoofSDK.ConsoleOptions">
 <summary>
 Initialise une nouvelle instance de la classe <see cref="T:xDoofSDK.ConsoleOptions"/>.
 </summary>
</member>
<member name="T:xDoofSDK.ConsoleOptions.InFlux">
 <summary>
 Classe des fonctions du flux d'entrée.
 </summary>
</member>
<member name="M:xDoofSDK.ConsoleOptions.InFlux.ReadEnd">
 <summary>
 Lis et retourne tout les caractères entre la position actuelle et la fin du lecteur.
 </summary>
</member>
<member name="M:xDoofSDK.ConsoleOptions.InFlux.ReadCharLine">
 <summary>
 Lis une ligne de caractères à partir du lecteur de texte et retourne les données.
 </summary>
</member>
<member name="M:xDoofSDK.ConsoleOptions.InFlux.Read">
 <summary>
 Lis le caractère suivant à partir du lecteur de texte et retourne l'implémentation.
 </summary>
</member>
<member name="M:xDoofSDK.ConsoleOptions.InFlux.Peek">
 <summary>
 Lis le caractère suivant et retourne le prochain caractère disponible.
 </summary>
</member>
<member name="M:xDoofSDK.ConsoleOptions.InFlux.CloseAndRelease">
 <summary>
 Ferme et libère toutes les ressources.
 </summary>
</member>
<member name="M:xDoofSDK.ConsoleOptions.WriteLine(System.String)">
 <summary>
 Écrit dans le terminateur du flux de sortie.
 </summary>
</member>
<member name="M:xDoofSDK.ConsoleOptions.Write(System.String,System.Object)">
 <summary>
 Écrit dans le terminateur de la ligne active dans le flux de sortie.
 </summary>
</member>
<member name="M:xDoofSDK.ConsoleOptions.SetColorBackground(System.ConsoleColor)">
 <summary>
 Modifie la couleur de font de la console.
 </summary>
</member>
<member name="M:xDoofSDK.ConsoleOptions.GetColorBackground">
 <summary>
 Récupère la couleur de font de la console.
 </summary>
</member>
<member name="M:xDoofSDK.ConsoleOptions.BeepSound">
 <summary>
 Lit le son d'un signal sonore via le haut-parleur.
 </summary>
</member>
<member name="M:xDoofSDK.ConsoleOptions.ClearConsole">
 <summary>
 Efface le contenu de la console.
 </summary>
</member>
<member name="M:xDoofSDK.ConsoleOptions.EncodingInput(System.Text.Encoding)">
 <summary>
 Modifie l'encodage pour lire l'entrée.
 </summary>
</member>
<member name="M:xDoofSDK.ConsoleOptions.ReadConsole">
 <summary>
 Lis le caractère suivant du flux d'entrée.
 </summary>
</member>
<member name="M:xDoofSDK.ConsoleOptions.ReadLineConsole">
 <summary>
  Lit la ligne de caractères suivante du flux d'entrée.
 </summary>
</member>
<member name="M:xDoofSDK.ConsoleOptions.ColorReset">
 <summary>
  Remet à zéro les couleurs de la console par défaut.
 </summary>
</member>
<member name="T:xDoofSDK.Converter">
 <summary>
 Initialise une nouvelle instance de la classe <see cref="T:xDoofSDK.Converter"/>.
 </summary>
</member>
<member name="T:xDoofSDK.ExceptionBuilder">
 <summary>
 Initialise une nouvelle instance de la classe <see cref="T:xDoofSDK.ExceptionBuilder"/>.
 </summary>
</member>
<member name="T:xDoofSDK.ExceptionConsole">
 <summary>
 Initialise une nouvelle instance de la classe <see cref="T:xDoofSDK.ExceptionConsole"/>.
 </summary>
</member>
<member name="T:xDoofSDK.ExceptionConvert">
 <summary>
 Initialise une nouvelle instance de la classe <see cref="T:xDoofSDK.ExceptionConvert"/>.
 </summary>
</member>
<member name="T:xDoofSDK.ExceptionFileSystem">
 <summary>
 Initialise une nouvelle instance de la classe <see cref="T:xDoofSDK.ExceptionFileSystem"/>.
 </summary>
</member>
<member name="T:xDoofSDK.ExceptionRandom">
 <summary>
 Initialise une nouvelle instance de la classe <see cref="T:xDoofSDK.ExceptionRandom"/>.
 </summary>
</member>
<member name="T:xDoofSDK.ExceptionStorage">
 <summary>
 Initialise une nouvelle instance de la classe <see cref="T:xDoofSDK.ExceptionStorage"/>.
 </summary>
</member>
<member name="T:xDoofSDK.ExceptionWinFormBuilder">
 <summary>
 Initialise une nouvelle instance de la classe <see cref="T:xDoofSDK.ExceptionWinFormBuilder"/>.
 </summary>
</member>
<member name="T:xDoofSDK.ExternalDll">
 <summary>
 Initialise une nouvelle instance de la classe <see cref="T:xDoofSDK.ExternalDll"/>.
 </summary>
</member>
<member name="T:xDoofSDK.Maths">
 <summary>
 Initialise une nouvelle instance de la classe <see cref="T:xDoofSDK.Maths"/>.
 </summary>
</member>
<member name="M:xDoofSDK.Maths.Small(System.Int32,System.Int32)">
 <summary>
 Compare et retourne la valeur la plus petite des deux valeurs spécifié.
 </summary><returns>Retourne la valeur <see cref="T:System.Int32"/> la plus petite, retourne 0 en cas d'égalité.</returns>
</member>
<member name="M:xDoofSDK.Maths.Small(System.UInt32,System.UInt32)">
 <summary>
 Compare et retourne la valeur la plus petite des deux valeurs spécifié.
 </summary><returns>Retourne la valeur non signée <see cref="T:System.Int32"/> la plus petite, retourne 0 en cas d'égalité.</returns>
</member>
<member name="M:xDoofSDK.Maths.Small(System.Decimal,System.Decimal)">
 <summary>
 Compare et retourne la valeur la plus petite des deux valeurs spécifié.
 </summary><returns>Retourne la valeur <see cref="T:System.Decimal"/> la plus petite, retourne 0 en cas d'égalité.</returns>
</member>
<member name="M:xDoofSDK.Maths.Small(System.Byte,System.Byte)">
 <summary>
 Compare et retourne la valeur la plus petite des deux valeurs spécifié.
 </summary><returns>Retourne la valeur <see cref="T:System.Byte"/> la plus petite, retourne 0 en cas d'égalité.</returns>
</member>
<member name="M:xDoofSDK.Maths.Small(System.SByte,System.SByte)">
 <summary>
 Compare et retourne la valeur la plus petite des deux valeurs spécifié.
 </summary><returns>Retourne la valeur signée <see cref="T:System.Byte"/> la plus petite, retourne 0 en cas d'égalité.</returns>
</member>
<member name="M:xDoofSDK.Maths.Small(System.Int64,System.Int64)">
 <summary>
 Compare et retourne la valeur la plus petite des deux valeurs spécifié.
 </summary><returns>Retourne la valeur <see cref="T:System.Int64"/> la plus petite, retourne 0 en cas d'égalité.</returns>
</member>
<member name="M:xDoofSDK.Maths.Small(System.UInt64,System.UInt64)">
 <summary>
 Compare et retourne la valeur la plus petite des deux valeurs spécifié.
 </summary><returns>Retourne la valeur non signée <see cref="T:System.Int64"/> la plus petite, retourne 0 en cas d'égalité.</returns>
</member>
<member name="M:xDoofSDK.Maths.Small(System.Int16,System.Int16)">
 <summary>
 Compare et retourne la valeur la plus petite des deux valeurs spécifié.
 </summary><returns>Retourne la valeur <see cref="T:System.Int16"/> la plus petite, retourne 0 en cas d'égalité.</returns>
</member>
<member name="M:xDoofSDK.Maths.Small(System.UInt16,System.UInt16)">
 <summary>
 Compare et retourne la valeur la plus petite des deux valeurs spécifié.
 </summary><returns>Retourne la valeur non signée <see cref="T:System.Int16"/> la plus petite, retourne 0 en cas d'égalité.</returns>
</member>
<member name="M:xDoofSDK.Maths.Small(System.Double,System.Double)">
 <summary>
 Compare et retourne la valeur la plus petite des deux valeurs spécifié.
 </summary><returns>Retourne la valeur <see cref="T:System.Double"/> la plus petite, retourne 0 en cas d'égalité.</returns>
</member>
<member name="M:xDoofSDK.Maths.Big(System.Int32,System.Int32)">
 <summary>
 Compare et retourne la valeur la plus grande des deux valeurs spécifié.
 </summary><returns>Retourne la valeur <see cref="T:System.Int32"/> la plus grande, retourne 0 en cas d'égalité.</returns>
</member>
<member name="M:xDoofSDK.Maths.Big(System.UInt32,System.UInt32)">
 <summary>
 Compare et retourne la valeur la plus grande des deux valeurs spécifié.
 </summary><returns>Retourne la valeur non signée <see cref="T:System.Int32"/> la plus grande, retourne 0 en cas d'égalité.</returns>
</member>
<member name="M:xDoofSDK.Maths.Big(System.Decimal,System.Decimal)">
 <summary>
 Compare et retourne la valeur la plus petite des deux valeurs spécifié.
 </summary><returns>Retourne la valeur <see cref="T:System.Decimal"/> la plus grande, retourne 0 en cas d'égalité.</returns>
</member>
<member name="M:xDoofSDK.Maths.Big(System.Byte,System.Byte)">
 <summary>
 Compare et retourne la valeur la plus grande des deux valeurs spécifié.
 </summary><returns>Retourne la valeur <see cref="T:System.Byte"/> la plus grande, retourne 0 en cas d'égalité.</returns>
</member>
<member name="M:xDoofSDK.Maths.Big(System.SByte,System.SByte)">
 <summary>
 Compare et retourne la valeur la plus grande des deux valeurs spécifié.
 </summary><returns>Retourne la valeur signée <see cref="T:System.Byte"/> la plus grande, retourne 0 en cas d'égalité.</returns>
</member>
<member name="M:xDoofSDK.Maths.Big(System.Int64,System.Int64)">
 <summary>
 Compare et retourne la valeur la plus grande des deux valeurs spécifié.
 </summary><returns>Retourne la valeur <see cref="T:System.Int64"/> la plus grande, retourne 0 en cas d'égalité.</returns>
</member>
<member name="M:xDoofSDK.Maths.Big(System.UInt64,System.UInt64)">
 <summary>
 Compare et retourne la valeur la plus grande des deux valeurs spécifié.
 </summary><returns>Retourne la valeur non signée <see cref="T:System.Int64"/> la plus grande, retourne 0 en cas d'égalité.</returns>
</member>
<member name="M:xDoofSDK.Maths.Big(System.Int16,System.Int16)">
 <summary>
 Compare et retourne la valeur la plus grande des deux valeurs spécifié.
 </summary><returns>Retourne la valeur <see cref="T:System.Int16"/> la plus grande, retourne 0 en cas d'égalité.</returns>
</member>
<member name="M:xDoofSDK.Maths.Big(System.UInt16,System.UInt16)">
 <summary>
 Compare et retourne la valeur la plus grande des deux valeurs spécifié.
 </summary><returns>Retourne la valeur non signée <see cref="T:System.Int16"/> la plus grande, retourne 0 en cas d'égalité.</returns>
</member>
<member name="M:xDoofSDK.Maths.Big(System.Double,System.Double)">
 <summary>
 Compare et retourne la valeur la plus grande des deux valeurs spécifié.
 </summary><returns>Retourne la valeur <see cref="T:System.Double"/> la plus grande, retourne 0 en cas d'égalité.</returns>
</member>
<member name="M:xDoofSDK.Maths.MultiplyNumber(System.Int64)">
 <summary>
 Multiplie le nombre spécifé par le même nombre.
 </summary><returns>Retourne la valeur <see cref="T:System.Int64"/> multipliée par lui-même.</returns>
</member>
<member name="M:xDoofSDK.Maths.CalcMoyenne(System.Int32[])">
 <summary>
 Calcul la moyenne d'une liste spécifié.
 </summary><returns>Retourne la moyenne en <see cref="T:System.Int64"/>.</returns>
</member>
<member name="T:xDoofSDK.Maths.Metrique">
 <summary>
 Initialise une nouvelle instance de la classe <see cref="T:xDoofSDK.Maths.Metrique"/>, accessible depuis la classe <see cref="T:xDoofSDK.Maths"/>.
 </summary>
</member>
<member name="M:xDoofSDK.Maths.Metrique.KMtoM(System.Int32)">
 <summary>
 Convertie des kilomètres en mètres.
 </summary><returns>Retourne la valeur convertie en <see cref="T:System.Double"/>.</returns>
</member>
<member name="M:xDoofSDK.Maths.Metrique.KMtoCM(System.Int32)">
 <summary>
 Convertie des kilomètres en centimètres.
 </summary><returns>Retourne la valeur convertie en <see cref="T:System.Double"/>.</returns>
</member>
<member name="M:xDoofSDK.Maths.Metrique.KMtoMM(System.Int32)">
 <summary>
 Convertie des kilomètres en milimètres.
 </summary><returns>Retourne la valeur convertie en <see cref="T:System.Double"/>.</returns>
</member>
<member name="M:xDoofSDK.Maths.Metrique.MtoKM(System.Int32)">
 <summary>
 Convertie des mètres en kilomètres.
 </summary><returns>Retourne la valeur convertie en <see cref="T:System.Double"/>.</returns>
</member>
<member name="M:xDoofSDK.Maths.Metrique.MtoMM(System.Int32)">
 <summary>
 Convertie des mètres en milimètres.
 </summary><returns>Retourne la valeur convertie en <see cref="T:System.Double"/>.</returns>
</member>
<member name="M:xDoofSDK.Maths.Metrique.MMtoKM(System.Int32)">
 <summary>
 Convertie des milimètres en kilomètres.
 </summary><returns>Retourne la valeur convertie en <see cref="T:System.Double"/>.</returns>
</member>
<member name="M:xDoofSDK.Maths.Metrique.MMtoM(System.Int32)">
 <summary>
 Convertie des milimètres en mètres.
 </summary><returns>Retourne la valeur convertie en <see cref="T:System.Double"/>.</returns>
</member>
<member name="T:xDoofSDK.IntFunc">
 <summary>
 Initialise une nouvelle instance de la classe <see cref="T:xDoofSDK.IntFunc"/>, utilisation de cette classe avec <see cref="T:System.Int32"/>.
 </summary>
</member>
<member name="M:xDoofSDK.IntFunc.AddValue(System.Int32,System.Int32)">
 <summary>
 Ajoute une valeur spécifié.
 </summary>
</member>
<member name="M:xDoofSDK.IntFunc.RemoveValue(System.Int32,System.Int32)">
 <summary>
 Soustrait une valeur spécifié.
 </summary>
</member>
<member name="M:xDoofSDK.IntFunc.MultiplyValue(System.Int32,System.Int32)">
 <summary>
 Multiplie une valeur spécifié.
 </summary>
</member>
<member name="M:xDoofSDK.IntFunc.DivideValue(System.Int32,System.Int32)">
 <summary>
 Divise la valeur saisie par la valeur spécifié.
 </summary>
</member>
<member name="M:xDoofSDK.IntFunc.Int16ToString(System.Int16)">
 <summary>
 Convertie un <see cref="T:System.Int16"/> en <see cref="T:System.String"/>.
 </summary><returns>-1 si la conversion est impossible</returns>
</member>
<member name="M:xDoofSDK.IntFunc.Int32ToString(System.Int32)">
 <summary>
 Convertie un <see cref="T:System.Int32"/> en <see cref="T:System.String"/>.
 </summary><returns>-1 si la conversion est impossible</returns>
</member>
<member name="M:xDoofSDK.IntFunc.Int64ToString(System.Int64)">
 <summary>
 Convertie un <see cref="T:System.Int64"/> en <see cref="T:System.String"/>.
 </summary><returns>-1 si la conversion est impossible</returns>
</member>
<member name="T:xDoofSDK.StringFunc">
 <summary>
 Initialise une nouvelle instance de la classe <see cref="T:xDoofSDK.StringFunc"/>, utilisation de cette classe avec <see cref="T:System.String"/>.
 </summary>
</member>
<member name="F:xDoofSDK.StringFunc.CharMin">
 <summary>
 Liste des caractères de l'alphabet en minuscule.
 </summary>
</member>
<member name="F:xDoofSDK.StringFunc.CharMaj">
 <summary>
 Liste des caractères de l'alphabet en majuscule.
 </summary>
</member>
<member name="F:xDoofSDK.StringFunc.CharMinSpecialChars">
 <summary>
 Liste des caractères de l'alphabet en minuscule, accent y compris.
 </summary>
</member>
<member name="F:xDoofSDK.StringFunc.CharMajSpecialChars">
 <summary>
 Liste des caractères de l'alphabet en majuscule, accent y compris.
 </summary>
</member>
<member name="M:xDoofSDK.StringFunc.ToUpper(System.String)">
 <summary>
 Remplace les majuscules dans le texte en minuscule.
 </summary>
</member>
<member name="M:xDoofSDK.StringFunc.ToLower(System.String)">
 <summary>
 Remplace les majuscules dans le texte en minuscule.
 </summary>
</member>
<member name="M:xDoofSDK.StringFunc.ToUpperSpecialsChars(System.String)">
 <summary>
 Remplace les majuscules dans le texte en minuscule ainsi que les caractères spéciaux tels que é / è / à.
 </summary>
</member>
<member name="M:xDoofSDK.StringFunc.ToLowerSpecialsChars(System.String)">
 <summary>
 Remplace les majuscules dans le texte en minuscule ainsi que les caractères spéciaux tels que É / È / À.
 </summary>
</member>
<member name="M:xDoofSDK.StringFunc.ReverseText(System.String)">
 <summary>
 Inverse le texte spécifié.
 </summary>
</member>
<member name="M:xDoofSDK.StringFunc.Find(System.String,System.String)">
 <summary>
 Recherche du texte dans le texte saisie, retourne True si trouvé, False si non trouvé.
 </summary>
</member>
<member name="M:xDoofSDK.StringFunc.FindFirstChar(System.String)">
 <summary>
 Recherche le premier caractère en ignorant les espaces et retourne le caractère.
 </summary>
</member>
<member name="M:xDoofSDK.StringFunc.FindLastChar(System.String)">
 <summary>
 Recherche le dernier caractère en ignorant les espaces et retourne le caractère.
 </summary>
</member>
<member name="M:xDoofSDK.StringFunc.FindPattern(System.String,System.Char,System.String)">
 <summary>
 Recherche et retourne le texte trouver entre le <see cref="T:System.Char"/> du début et le <see cref="T:System.Char"/> de fin.
 </summary>
</member>
<member name="M:xDoofSDK.StringFunc.RemoveStartBlankSpaces(System.String)">
 <summary>
 Retire les espaces blanc du début d'une ligne.
 </summary>
</member>
<member name="M:xDoofSDK.StringFunc.RemoveEndBlankSpaces(System.String)">
 <summary>
 Retire les espaces blanc de la fin d'une ligne.
 </summary>
</member>
<member name="M:xDoofSDK.StringFunc.RemoveStartEndBlankSpaces(System.String)">
 <summary>
 Retire les espaces blanc du début d'une ligne et de la fin.
 </summary>
</member>
<member name="M:xDoofSDK.StringFunc.GetTextBetweenLine(System.String,System.Int32,System.Int32)">
 <summary>
 Récupère le contenu positioner entre les lignes spécifié.
 </summary>
</member>
<member name="M:xDoofSDK.StringFunc.GetTextBetweenChar(System.String,System.String,System.String)">
 <summary>
 Récupère les caractères positioner entre les <see cref="T:System.Char"/> spécifié.
 </summary>
</member>
<member name="M:xDoofSDK.StringFunc.GetTextBetweenCharPosition(System.String,System.Int32,System.Int32)">
 <summary>
 Récupère les caractères positioner entre les positions spécifié.
 </summary>
</member>
<member name="M:xDoofSDK.StringFunc.FindStringCount(System.String,System.String)">
 <summary>
 Recherche du texte dans le texte spécifié, retourne le nombre de fois ou le texte a été trouvé.
 </summary>
</member>
<member name="M:xDoofSDK.StringFunc.WithStart(System.String,System.String)">
 <summary>
 Recherche sur le texte saisie si le texte commence par la valeur demandé, retourne True si trouvé, False si non trouvé.
 </summary>
</member>
<member name="M:xDoofSDK.StringFunc.WithStartMultiOne(System.String,System.String[])">
 <summary>
 Recherche sur le texte saisie si le texte commence par l'une des valeurs demandées, retourne True si trouvé, False si non trouvé.
 </summary>
</member>
<member name="M:xDoofSDK.StringFunc.StringToStringArray(System.String)">
 <summary>
 Retourne tout les caractères d'un <see cref="T:System.String"/> dans un String().
 </summary>
</member>
<member name="M:xDoofSDK.StringFunc.StringToStringList(System.String)">
 <summary>
 Retourne tout les caractères d'un <see cref="T:System.String"/> en <see cref="T:System.Collections.Generic.List`1"/>.
 </summary>
</member>
<member name="M:xDoofSDK.StringFunc.StringToInt16(System.String)">
 <summary>
 Convertie un <see cref="T:System.String"/> en <see cref="T:System.Int16"/>.
 </summary><returns>-1 si la conversion est impossible</returns>
</member>
<member name="M:xDoofSDK.StringFunc.StringToInt32(System.String)">
 <summary>
 Convertie un <see cref="T:System.String"/> en <see cref="T:System.Int32"/>.
 </summary><returns>-1 si la conversion est impossible</returns>
</member>
<member name="M:xDoofSDK.StringFunc.StringToInt64(System.String)">
 <summary>
 Convertie un <see cref="T:System.String"/> en <see cref="T:System.Int64"/>.
 </summary><returns>-1 si la conversion est impossible</returns>
</member>
<member name="M:xDoofSDK.StringFunc.StringToBoolean(System.String)">
 <summary>
 Convertie un <see cref="T:System.String"/> en <see cref="T:System.Boolean"/>.
 </summary><returns>Nothing si la conversion est impossible</returns>
</member>
<member name="M:xDoofSDK.StringFunc.StringToDecimal(System.String)">
 <summary>
 Convertie un <see cref="T:System.String"/> en <see cref="T:System.Decimal"/>.
 </summary><returns>-1 si la conversion est impossible</returns>
</member>
<member name="M:xDoofSDK.StringFunc.StringToDouble(System.String)">
 <summary>
 Convertie un <see cref="T:System.String"/> en <see cref="T:System.Double"/>.
 </summary><returns>-1 si la conversion est impossible</returns>
</member>
<member name="M:xDoofSDK.StringFunc.WithEnds(System.String,System.String)">
 <summary>
 Recherche sur le texte saisie si le texte fini par la valeur demandé, retourne True si trouvé, False si non trouvé.
 </summary>
</member>
<member name="M:xDoofSDK.StringFunc.Contains(System.String,System.String)">
 <summary>
 Recherche dans le texte saisie si il contient la valeur demandée, retourne True si trouvé, False si non trouvé.
 </summary>
</member>
<member name="M:xDoofSDK.StringFunc.ContainsMulti(System.String,System.String[])">
 <summary>
 Recherche dans le texte saisie si il contient les valeurs demandées, retourne True si toute les valeurs sont trouvé, False si non trouvé.
 </summary>
</member>
<member name="M:xDoofSDK.StringFunc.ContainsMultiOne(System.String,System.String[])">
 <summary>
 Recherche dans le texte saisie si il contient l'une des valeurs demandée, retourne True si une des valeurs ont été trouvé, False si non trouvé.
 </summary>
</member>
<member name="M:xDoofSDK.StringFunc.CountCharacter(System.String,System.Char)">
 <summary>
 Retire les espaces blanc du début d'une ligne.
 </summary>
</member>
<member name="M:xDoofSDK.StringFunc.SplitString(System.String,System.String,System.Int32)">
 <summary>
 Retourne un tableau de la séparation d'un string.
 </summary>
</member>
<member name="M:xDoofSDK.StringFunc.FirstChar(System.String)">
 <summary>
 Recherche et retourne le premier caractère.
 </summary>
</member>
<member name="M:xDoofSDK.StringFunc.SecondChar(System.String)">
 <summary>
 Recherche et retourne le deuxième caractère.
 </summary>
</member>
<member name="M:xDoofSDK.StringFunc.ThirdChar(System.String)">
 <summary>
 Recherche et retourne le troisième caractère.
 </summary>
</member>
<member name="M:xDoofSDK.StringFunc.LastChar(System.String)">
 <summary>
 Recherche et retourne le dernier caractère.
 </summary>
</member>
<member name="M:xDoofSDK.StringFunc.RemoveBlankSpaces(System.String)">
 <summary>
 Retire les espaces blanc.
 </summary>
</member>
<member name="M:xDoofSDK.StringFunc.RemoveSpecifiedText(System.String,System.String)">
 <summary>
 Retire le texte spécifié si trouvé.
 </summary>
</member>
<member name="M:xDoofSDK.StringFunc.RemoveSpecifiedLine(System.String,System.Int32)">
 <summary>
 Retire la ligne spécifié, si la ligne est introuvable, retourne le texte spécifié de base.
 </summary>
</member>
<member name="M:xDoofSDK.StringFunc.RemoveSpecifiedChar(System.String,System.Char)">
 <summary>
 Retire le caractère spécifié.
 </summary>
</member>
<member name="M:xDoofSDK.StringFunc.CountTotalLength(System.String,System.Int32)">
 <summary>
 Retourne le nombre de caractères total.
 </summary>
</member>
<member name="M:xDoofSDK.StringFunc.AddTextByContentFile(System.String,System.String,System.String)">
 <summary>
 Ajoute du texte tiré du contenu du fichier spécifié.
 </summary>
</member>
<member name="M:xDoofSDK.StringFunc.AddTextByMultipleContentFile(System.String,System.String[],System.String)">
 <summary>
 Ajoute du texte tiré du contenu du ou des fichier(s) spécifié(s).
 </summary>
</member>
<member name="M:xDoofSDK.StringFunc.AddTextByURL(System.String,System.String)">
 <summary>
 Ajoute du texte tiré de l'URL spécifié.
 </summary>
</member>
<member name="M:xDoofSDK.StringFunc.AddTextByURL(System.String,System.Uri)">
 <summary>
 Ajoute du texte tiré d'une URL spécifié convertie en <see cref="T:System.Uri"/>.
 </summary>
</member>
<member name="M:xDoofSDK.StringFunc.SaveStringToFile(System.String,System.String)">
 <summary>
 Sauvegarde le contenu du <see cref="T:System.String"/> dans un fichier.
 </summary>
</member>
<member name="T:xDoofSDK.RandomInt">
 <summary>
 Initialise une nouvelle instance de la classe <see cref="T:xDoofSDK.RandomInt"/>.
 </summary>
</member>
<member name="M:xDoofSDK.RandomInt.NextIntNegative">
 <summary>
 Retourne un <see cref="T:System.Int32"/> négative.
 </summary>
</member>
<member name="M:xDoofSDK.RandomInt.NextIntPositive">
 <summary>
 Retourne un <see cref="T:System.Int32"/> positive.
 </summary>
</member>
<member name="M:xDoofSDK.RandomInt.NextInt">
 <summary>
 Retourne un <see cref="T:System.Int32"/> entre le minimum et le maximum d'un <see cref="T:System.Int32"/>.
 </summary>
</member>
<member name="M:xDoofSDK.RandomInt.NextInt(System.String)">
 <summary>
 Retourne un <see cref="T:System.Int32"/> aléatoire entre 0 et la valeur spécifié.
 </summary>
</member>
<member name="M:xDoofSDK.RandomInt.NextInt(System.Int32,System.Int32)">
 <summary>
 Retourne un <see cref="T:System.Int32"/> aléatoire entre la valeur minimum et la valeur maximum spécifié.
 </summary>
</member>
<member name="T:xDoofSDK.RandomString">
 <summary>
 Initialise une nouvelle instance de la classe <see cref="T:xDoofSDK.RandomString"/>.
 </summary>
</member>
<member name="M:xDoofSDK.RandomString.NextString">
 <summary>
 Retourne un caractère aléatoire de <see cref="T:System.String"/>.
 </summary>
</member>
<member name="M:xDoofSDK.RandomString.NextString(System.Int32)">
 <summary>
 Retourne un ou plusieurs caractère aléatoire de <see cref="T:System.String"/> selon le nombre de caractères demandée.
 </summary>
</member>
<member name="M:xDoofSDK.RandomString.NextString(System.String,System.Int32)">
 <summary>
 Retourne un ou plusieurs caractère aléatoire de la liste <see cref="T:System.String"/> spécifié et retourne un nombre de caractères selon le nombre de caractères demandée.
 </summary>
</member>
<member name="M:xDoofSDK.RandomString.NextString(System.String[],System.Int32)">
 <summary>
 Retourne un ou plusieurs caractère aléatoire de la liste <see cref="T:System.String"/> spécifié et retourne un nombre de caractères selon le nombre de caractères demandée.
 </summary>
</member>
<member name="T:xDoofSDK.OO">
 <summary>
 Initialise une nouvelle instance de la classe <see cref="T:xDoofSDK.OO"/>.
 </summary>
</member>
<member name="F:xDoofSDK.OO.basePathOo">
 <summary>
 Le chemin source de oo.
 </summary>
</member>
<member name="M:xDoofSDK.OO.ExecuteSource(System.String,System.String)">
 <summary>
 Exécute la source saisie.
 </summary>
</member>
<member name="M:xDoofSDK.OO.ExecuteFileSource(System.String)">
 <summary>
 Exécute une source selon le fichier source saisie.
 </summary>
</member>
<member name="M:xDoofSDK.OO.ExecuteWebFileSourceSync(System.String)">
 <summary>
 Exécute une source selon le fichier source saisie provenant d'internet.
 </summary>
</member>
<member name="M:xDoofSDK.OO.IsOoInstalled(xDoofSDK.OO.CheckLevel)">
 <summary>
 Vérifie si le support oo est installer sur l'ordinateur
 <para><paramref name="cLevel"/> = Le niveau de vérification</para>
 </summary>
</member>
<member name="F:xDoofSDK.OO.CheckLevel.Minimum">
 <summary>
 Vérifie seulement la base.
 </summary>
</member>
<member name="F:xDoofSDK.OO.CheckLevel.TreeSystem">
 <summary>
 Lie et vérifie selon le fichier d'arbre installer.
 </summary>
</member>
<member name="T:xDoofSDK.Structuration">
 <summary>
 Initialise une nouvelle instance de la classe <see cref="T:xDoofSDK.Structuration"/>.
 </summary>
</member>
<member name="F:xDoofSDK.Structuration.Enable">
 <summary>
 Objet qui retourne True ou 1.
 </summary>
</member>
<member name="F:xDoofSDK.Structuration.Disable">
 <summary>
 Objet qui retourne False ou 0.
 </summary>
</member>
</members>
</doc>
